date_arrival,MIN,MAX,MODAL,Arrival
2021-01-01,865.15,2706.88,2060.6,11575.0
2021-01-02,1105.07,2720.16,2181.84,15560.0
2021-01-03,1129.41,2741.47,2141.18,3954.0
2021-01-04,967.31,2754.16,2167.55,21441.0
2021-01-05,1188.84,2793.71,2275.47,21526.0
2021-01-06,1335.29,2698.0,2242.65,7103.0
2021-01-07,1335.29,2698.0,2242.65,7103.0
2021-01-08,1335.29,2698.0,2242.65,7103.0
2021-01-09,1160.0,3223.0,2832.4,3389.0
2021-01-10,633.33,3366.67,2375.0,394.0
2021-01-11,1575.0,3032.25,2662.5,3318.0
2021-01-12,1000.0,2885.5,2525.0,2344.0
2021-01-13,837.5,2626.62,2076.5,4318.0
2021-01-14,1216.5,2932.0,2319.16,17345.0
2021-01-15,1303.44,2949.38,2391.25,4582.0
2021-01-16,1196.09,2988.88,2394.59,16221.0
2021-01-17,1402.86,2826.0,2298.81,4058.0
2021-01-18,1146.83,2879.45,2324.69,39905.0
2021-01-19,1246.9,3052.98,2490.36,29594.0
2021-01-20,1194.73,3043.67,2469.96,36892.0
2021-01-21,1354.4,3048.35,2543.67,37380.0
2021-01-22,1071.4,2917.96,2317.93,35440.0
2021-01-23,1246.63,2820.08,2297.68,20726.0
2021-01-24,1413.04,2670.26,2196.78,6287.0
2021-01-25,983.74,2609.98,2095.41,42045.0
2021-01-26,954.44,2631.11,1855.56,1695.0
2021-01-27,1056.39,2643.48,2144.98,32681.0
2021-01-28,1151.36,2712.18,2233.8,26531.0
2021-01-29,998.91,2818.57,2285.59,25986.0
2021-01-30,1047.86,2895.0,2326.6,18340.0
2021-01-31,1131.58,2792.63,2125.0,3287.0
2021-02-01,1225.96,3535.07,2858.72,18917.0
2021-02-02,1460.71,3600.21,2926.86,16399.0
2021-02-03,1379.07,3641.79,2997.77,19664.0
2021-02-04,1275.93,3528.58,2815.16,15516.0
2021-02-05,1207.74,3347.33,2677.31,19798.0
2021-02-06,1364.33,3250.9,2650.29,7034.0
2021-02-07,1359.47,3231.29,2588.88,3086.0
2021-02-08,1213.35,3520.17,2842.52,7407.0
2021-02-09,1415.29,3640.45,2975.62,13852.0
2021-02-10,1447.72,3816.77,3093.98,16872.0
2021-02-11,1598.6,3956.6,3117.57,14197.0
2021-02-12,1363.75,3860.25,3110.1,14520.0
2021-02-13,1474.74,3706.44,2995.0,12804.0
2021-02-14,1414.74,3567.16,2787.89,6110.0
2021-02-15,1312.55,3854.77,3032.09,17254.0
2021-02-16,1718.38,3783.08,3082.08,11416.0
2021-02-17,1635.23,4003.61,3247.8,14285.0
2021-02-18,1703.89,3966.14,3252.57,17019.0
2021-02-19,1371.14,3862.33,2985.95,5322.0
2021-02-20,1755.19,3856.86,3189.84,12425.0
2021-02-21,1529.59,4040.32,3072.09,7512.0
2021-02-22,1660.22,4162.96,3441.15,20555.0
2021-02-23,1624.08,3924.25,3200.17,16054.0
2021-02-24,1471.14,3657.42,2950.06,20500.0
2021-02-25,1230.12,3174.38,2504.31,21409.0
2021-02-26,1047.32,2722.11,2140.53,23068.0
2021-02-27,1028.37,2426.23,1917.67,19401.0
2021-02-28,1088.89,2477.33,1919.44,3913.0
2021-03-01,948.0,2726.78,2176.44,23471.0
2021-03-02,1172.98,2773.08,2243.4,18879.0
2021-03-03,1054.76,2742.24,2207.15,26191.0
2021-03-04,992.87,2499.42,1980.53,27013.0
2021-03-05,737.04,2225.6,1700.34,30676.0
2021-03-06,964.12,2278.05,1806.72,21129.0
2021-03-07,1051.05,2344.79,1865.58,4942.0
2021-03-08,837.97,1864.33,1450.82,51244.0
2021-03-09,726.63,1705.04,1330.74,42738.0
2021-03-10,686.16,1578.71,1226.57,44821.0
2021-03-11,826.93,1650.52,1326.03,8556.0
2021-03-12,592.08,1599.04,1225.84,42055.0
2021-03-13,796.43,1719.89,1347.93,15753.0
2021-03-14,686.73,1796.53,1381.0,4014.0
2021-03-15,681.72,1607.87,1272.0,48546.0
2021-03-16,902.17,1649.58,1387.5,17272.0
2021-03-17,902.17,1649.58,1387.5,17272.0
2021-03-18,902.17,1649.58,1387.5,17272.0
2021-03-19,560.0,1312.4,1023.2,5135.0
2021-03-20,542.58,1267.08,985.17,9312.0
2021-03-21,686.84,1502.89,1159.47,6361.0
2021-03-22,522.1,1300.06,1000.73,43235.0
2021-03-23,574.25,1248.73,992.34,44645.0
2021-03-24,576.31,1243.27,990.95,61168.0
2021-03-25,537.02,1226.1,961.37,50070.0
2021-03-26,551.44,1255.16,970.22,35744.0
2021-03-27,555.59,1262.48,971.37,19795.0
2021-03-28,603.85,1363.92,1080.77,3036.0
2021-03-29,480.77,1320.23,1017.69,3991.0
2021-03-30,646.0,1335.68,1035.6,6642.0
2021-03-31,626.85,1285.04,1005.07,9560.0
2021-04-01,562.9,1252.65,961.81,15327.0
2021-04-02,629.62,1261.46,1012.08,6294.0
2021-04-03,680.0,1300.27,1027.76,20358.0
2021-04-04,682.95,1306.86,1050.91,4975.0
2021-04-05,455.48,1095.73,857.5,62039.0
2021-04-06,444.3,1036.0,821.02,45548.0
2021-04-07,510.88,1065.38,851.13,57057.0
2021-04-08,471.0,1056.1,838.03,50128.0
2021-04-09,434.75,1079.15,841.42,43939.0
2021-04-10,509.35,1082.35,867.2,17441.0
2021-04-11,820.0,1290.2,1120.0,1264.0
2021-04-12,481.58,1065.6,849.85,38735.0
2021-04-13,484.89,1111.18,835.29,20098.0
2021-04-14,560.42,1157.46,923.21,13380.0
2021-04-15,452.77,1119.11,875.57,42973.0
2021-04-16,466.86,1111.25,873.9,41517.0
2021-04-17,553.86,1173.89,939.54,20520.0
2021-04-18,607.27,1195.45,993.18,1622.0
2021-04-19,460.65,1126.16,879.22,37584.0
2021-04-20,479.28,1142.13,901.51,34075.0
2021-04-21,528.42,1193.58,927.88,22998.0
2021-04-22,507.63,1183.74,907.14,25732.0
2021-04-23,519.41,1176.05,921.59,25362.0
2021-04-24,523.0,1161.0,923.3,4448.0
2021-04-25,492.5,1107.08,864.17,1071.0
2021-04-26,559.43,1238.83,972.07,33819.0
2021-04-27,501.62,1218.79,922.57,34235.0
2021-04-28,553.72,1228.17,960.55,36873.0
2021-04-29,521.54,1265.8,974.84,36332.0
2021-04-30,557.14,1273.64,975.33,30492.0
2021-05-01,501.67,1240.0,958.33,129.0
2021-05-02,505.56,1359.0,1036.67,2044.0
2021-05-03,541.61,1269.85,987.9,56348.0
2021-05-04,561.44,1326.56,1019.97,51975.0
2021-05-05,554.25,1279.33,998.09,52102.0
2021-05-06,572.3,1259.63,967.12,40068.0
2021-05-07,545.73,1355.41,1000.64,30230.0
2021-05-08,594.68,1297.71,1017.61,12413.0
2021-05-09,703.65,1321.76,1059.18,3829.0
2021-05-10,503.4,1281.79,973.02,35579.0
2021-05-11,648.21,1377.51,1069.85,28532.0
2021-05-12,640.33,1338.47,1079.89,14959.0
2021-05-13,585.48,1271.9,980.55,7055.0
2021-05-14,745.55,1332.73,1041.36,3173.0
2021-05-15,656.8,1300.35,993.75,3996.0
2021-05-16,630.77,1393.08,1099.62,2533.0
2021-05-17,557.58,1276.13,982.42,10527.0
2021-05-18,563.09,1295.59,980.15,7979.0
2021-05-19,556.03,1302.79,1015.52,6523.0
2021-05-20,607.22,1322.94,1034.17,8359.0
2021-05-21,591.88,1382.71,1069.38,7870.0
2021-05-22,825.5,1440.75,1167.5,4920.0
2021-05-23,810.0,1556.73,1196.67,3816.0
2021-05-24,680.3,1561.53,1211.7,21406.0
2021-05-25,677.27,1631.98,1268.0,27306.0
2021-05-26,648.63,1631.43,1267.2,25364.0
2021-05-27,689.12,1741.45,1314.48,25570.0
2021-05-28,686.68,1753.21,1322.44,27111.0
2021-05-29,765.22,1756.74,1340.3,13095.0
2021-05-30,801.33,1664.67,1245.67,2933.0
2021-05-31,728.54,1831.51,1426.1,30043.0
2021-06-01,726.34,1927.0,1469.37,27089.0
2021-06-02,756.71,1944.81,1509.0,30003.0
2021-06-03,793.49,1973.07,1536.17,32346.0
2021-06-04,744.02,1965.79,1472.46,32107.0
2021-06-05,783.39,1906.5,1477.17,17195.0
2021-06-06,878.12,1978.25,1536.88,4177.0
2021-06-07,760.35,1927.94,1490.71,22382.0
2021-06-08,699.88,1943.69,1494.41,39116.0
2021-06-09,702.78,2009.63,1546.04,27907.0
2021-06-10,755.77,1974.75,1481.44,27521.0
2021-06-11,655.48,2042.8,1537.77,31500.0
2021-06-12,889.67,2025.36,1595.59,18818.0
2021-06-13,782.27,1882.77,1408.91,6517.0
2021-06-14,701.45,1935.41,1487.57,35087.0
2021-06-15,755.23,2011.92,1543.4,24385.0
2021-06-16,733.02,2000.33,1559.37,27580.0
2021-06-17,748.47,2052.11,1567.14,32610.0
2021-06-18,725.06,2048.26,1577.94,30428.0
2021-06-19,855.56,1960.47,1579.08,21421.0
2021-06-20,866.15,1943.08,1522.5,6875.0
2021-06-21,746.65,2062.98,1589.56,36411.0
2021-06-22,781.0,2088.78,1626.53,29109.0
2021-06-23,799.96,2054.06,1641.8,32033.0
2021-06-24,747.75,1984.64,1520.87,31219.0
2021-06-25,772.85,1964.17,1536.3,22257.0
2021-06-26,860.84,1953.24,1583.87,16396.0
2021-06-27,892.69,1923.85,1491.54,10330.0
2021-06-28,709.02,1949.52,1517.0,29800.0
2021-06-29,761.56,1946.84,1526.92,23140.0
2021-06-30,762.69,1971.16,1590.71,23031.0
2021-07-01,839.29,1912.27,1530.29,20314.0
2021-07-02,730.48,1920.24,1514.48,21660.0
2021-07-03,875.79,1915.03,1558.24,9899.0
2021-07-04,924.38,1875.5,1486.67,4597.0
2021-07-05,821.88,1975.35,1569.1,27761.0
2021-07-06,792.98,1955.39,1545.2,30398.0
2021-07-07,764.02,1947.98,1541.62,25605.0
2021-07-08,778.73,1924.09,1558.31,35854.0
2021-07-09,686.55,1918.62,1488.7,22712.0
2021-07-10,850.03,1898.97,1560.69,15373.0
2021-07-11,931.0,1871.05,1476.3,5427.0
2021-07-12,745.49,1875.76,1509.31,35728.0
2021-07-13,700.61,1846.82,1453.02,28777.0
2021-07-14,785.23,1831.21,1511.53,20089.0
2021-07-15,726.58,1771.75,1437.2,28281.0
2021-07-16,692.17,1785.05,1417.05,22995.0
2021-07-17,783.88,1776.71,1453.76,14362.0
2021-07-18,923.81,1830.95,1419.1,4375.0
2021-07-19,673.46,1802.54,1438.59,28643.0
2021-07-20,727.16,1843.84,1440.91,12084.0
2021-07-21,692.0,1881.31,1503.62,12357.0
2021-07-22,793.09,1831.91,1511.26,26668.0
2021-07-23,713.8,1850.57,1488.36,26289.0
2021-07-24,827.03,1863.15,1567.03,22401.0
2021-07-25,898.12,1855.04,1499.38,5598.0
2021-07-26,740.13,1947.22,1573.09,35134.0
2021-07-27,672.16,1905.34,1528.11,23891.0
2021-07-28,780.58,1947.84,1588.76,25989.0
2021-07-29,799.4,1944.4,1596.98,28927.0
2021-07-30,667.56,1918.49,1506.76,23335.0
2021-07-31,795.19,1872.39,1501.42,19522.0
2021-08-01,829.83,1938.79,1491.08,6196.0
2021-08-02,664.33,1836.91,1467.84,34514.0
2021-08-03,636.02,1845.29,1447.78,23390.0
2021-08-04,745.78,1848.48,1523.9,19577.0
2021-08-05,778.56,1793.59,1518.33,14567.0
2021-08-06,708.66,1853.5,1486.89,26917.0
2021-08-07,818.24,1841.71,1486.95,19975.0
2021-08-08,930.43,1859.17,1459.17,5516.0
2021-08-09,733.41,1789.14,1487.1,29538.0
2021-08-10,701.43,1811.13,1457.24,18677.0
2021-08-11,713.8,1792.27,1498.83,19761.0
2021-08-12,792.7,1853.83,1521.52,21043.0
2021-08-13,618.3,1812.12,1418.12,18898.0
2021-08-14,726.89,1841.26,1490.22,10065.0
2021-08-15,634.17,1882.08,1392.17,4691.0
2021-08-16,734.37,1857.63,1508.74,21962.0
2021-08-17,741.51,1886.32,1512.19,21674.0
2021-08-18,770.62,1918.42,1579.33,21718.0
2021-08-19,792.87,1866.72,1508.38,12062.0
2021-08-20,658.65,1855.72,1457.45,19543.0
2021-08-21,886.7,1857.32,1557.05,22423.0
2021-08-22,867.5,1900.55,1538.75,4664.0
2021-08-23,725.65,1830.71,1483.35,30148.0
2021-08-24,727.02,1850.22,1488.64,26113.0
2021-08-25,719.58,1842.09,1489.62,28699.0
2021-08-26,684.06,1759.38,1399.6,33912.0
2021-08-27,540.46,1752.26,1318.54,27034.0
2021-08-28,670.5,1701.12,1360.68,20657.0
2021-08-29,814.29,1719.05,1354.81,7417.0
2021-08-30,661.73,1711.94,1369.83,35114.0
2021-08-31,697.76,1736.86,1363.17,16266.0
2021-09-01,658.46,1706.44,1383.8,16730.0
2021-09-02,652.15,1692.57,1354.94,23875.0
2021-09-03,597.0,1668.57,1319.59,23959.0
2021-09-04,752.97,1747.59,1388.21,11079.0
2021-09-05,879.35,1784.61,1472.22,3652.0
2021-09-06,726.67,1743.48,1348.12,14374.0
2021-09-07,697.13,1747.26,1418.74,20024.0
2021-09-08,710.02,1782.66,1460.64,20958.0
2021-09-09,713.4,1765.98,1428.4,28490.0
2021-09-10,617.2,1770.48,1321.6,10432.0
2021-09-11,799.58,1752.52,1404.79,20369.0
2021-09-12,863.33,1819.1,1438.57,4921.0
2021-09-13,584.39,1710.57,1313.33,35430.0
2021-09-14,622.33,1651.98,1276.08,25053.0
2021-09-15,671.12,1704.78,1362.61,28219.0
2021-09-16,622.74,1698.79,1346.17,22216.0
2021-09-17,565.78,1709.1,1341.17,25007.0
2021-09-18,687.03,1679.63,1367.63,16172.0
2021-09-19,741.18,1788.94,1390.35,3216.0
2021-09-20,663.49,1888.93,1486.02,23653.0
2021-09-21,659.45,1886.8,1482.2,22634.0
2021-09-22,758.64,2048.59,1616.57,20036.0
2021-09-23,775.7,2142.62,1695.51,29046.0
2021-09-24,730.25,2222.48,1718.66,21556.0
2021-09-25,728.31,2047.71,1611.51,21132.0
2021-09-26,767.55,2069.4,1531.1,7356.0
2021-09-27,796.32,2072.2,1654.25,29084.0
2021-09-28,800.7,2156.04,1705.59,16767.0
2021-09-29,822.33,2316.7,1849.48,19630.0
2021-09-30,870.28,2515.81,1964.96,25762.0
2021-10-01,912.0,2660.49,2075.65,21852.0
2021-10-02,996.3,2719.63,2065.56,14301.0
2021-10-03,1169.1,2724.81,2076.71,5785.0
2021-10-04,1087.9,3356.04,2643.21,35664.0
2021-10-05,1099.24,3393.83,2572.0,26585.0
2021-10-06,1151.23,3251.03,2494.2,19717.0
2021-10-07,1071.02,3296.45,2623.0,20275.0
2021-10-08,1117.29,3371.75,2695.65,22374.0
2021-10-09,1244.4,3317.2,2670.88,20884.0
2021-10-10,1364.29,3309.52,2585.05,5077.0
2021-10-11,1080.56,3481.11,2413.89,9985.0
2021-10-12,1222.83,3869.69,3010.85,27975.0
2021-10-13,1223.43,3722.09,2905.43,23647.0
2021-10-14,1089.84,3310.0,2598.95,21983.0
2021-10-15,1000.07,3312.11,2518.85,8879.0
2021-10-16,1226.69,3427.16,2682.84,13962.0
2021-10-17,1213.89,3372.78,2438.72,3431.0
2021-10-18,1065.91,3303.64,2538.76,35051.0
2021-10-19,1004.5,3335.0,2467.53,9047.0
2021-10-20,1140.44,3271.58,2561.06,23947.0
2021-10-21,939.45,3038.49,2287.59,26855.0
2021-10-22,984.67,3026.22,2277.78,17773.0
2021-10-23,1037.14,3138.31,2360.66,12163.0
2021-10-24,941.43,2862.86,2149.38,9903.0
2021-10-25,874.18,3011.22,2248.0,26398.0
2021-10-26,974.59,3071.0,2282.2,17484.0
2021-10-27,957.39,2920.14,2233.33,19434.0
2021-10-28,859.34,2879.46,2129.6,24142.0
2021-10-29,1003.82,2749.47,2011.82,9953.0
2021-10-30,999.0,2705.4,2069.64,16114.0
2021-10-31,1150.5,2690.55,2033.85,4341.0
2021-11-01,828.46,2744.65,1930.0,7749.0
2021-11-02,1034.21,2705.84,1949.63,2713.0
2021-11-03,1146.43,2634.29,1890.0,1846.0
2021-11-04,1342.86,2571.43,2092.86,984.0
2021-11-05,900.09,2572.73,1917.27,2880.0
2021-11-06,883.33,3027.78,2030.56,4455.0
2021-11-07,1200.0,2961.56,2110.25,2259.0
2021-11-08,1023.1,3112.26,2248.26,13320.0
2021-11-09,1064.4,3285.1,2449.25,22693.0
2021-11-10,1049.26,3430.98,2563.4,21513.0
2021-11-11,955.8,3267.84,2404.84,35675.0
2021-11-12,962.04,2981.29,2206.19,27676.0
2021-11-13,1250.95,2970.12,2273.8,24063.0
2021-11-14,1385.42,2810.42,2220.83,8060.0
2021-11-15,890.75,2722.11,1999.09,38110.0
2021-11-16,975.91,2726.31,2019.96,21743.0
2021-11-17,866.89,2555.92,1939.3,23276.0
2021-11-18,874.55,2545.52,1896.6,31107.0
2021-11-19,790.06,2518.65,1788.15,14540.0
2021-11-20,920.44,2621.58,1935.14,19888.0
2021-11-21,1004.78,2585.7,1860.65,4982.0
2021-11-22,874.0,2810.69,2122.93,34309.0
2021-11-23,892.05,2807.86,2082.41,22422.0
2021-11-24,928.05,2763.45,2073.52,29721.0
2021-11-25,835.45,2512.78,1871.55,30832.0
2021-11-26,751.04,2491.9,1817.94,24990.0
2021-11-27,890.7,2430.42,1797.28,19743.0
2021-11-28,991.78,2384.87,1771.96,5456.0
2021-11-29,771.97,2314.0,1709.75,38185.0
2021-11-30,745.29,2186.73,1580.32,33939.0
2021-12-01,660.04,2185.74,1595.28,24480.0
2021-12-02,848.72,2420.11,1811.68,14238.0
2021-12-03,848.95,2679.0,1954.34,16383.0
2021-12-04,847.83,2656.28,1911.19,9054.0
2021-12-05,1026.79,2571.07,1955.89,4689.0
2021-12-06,659.73,2460.31,1700.17,30240.0
2021-12-07,695.29,2506.55,1752.48,30115.0
2021-12-08,742.86,2583.88,1902.28,29531.0
2021-12-09,729.55,2691.87,1946.53,23493.0
2021-12-10,770.59,2878.02,2073.5,25631.0
2021-12-11,794.85,2692.79,1946.85,16459.0
2021-12-12,1075.36,2609.43,2011.5,5424.0
2021-12-13,705.41,2859.83,2086.17,36318.0
2021-12-14,810.25,2784.93,2052.12,33835.0
2021-12-15,829.85,2686.1,2037.82,38638.0
2021-12-16,787.59,2629.2,1928.76,57302.0
2021-12-17,738.23,2514.74,1810.13,35595.0
2021-12-18,817.04,2507.08,1819.79,32063.0
2021-12-19,928.58,2562.96,1781.71,4168.0
2021-12-20,806.05,2588.31,1904.56,44852.0
2021-12-21,762.25,2634.18,1899.72,33921.0
2021-12-22,825.98,2683.28,2010.3,40917.0
2021-12-23,813.75,2667.43,1953.62,48242.0
2021-12-24,727.77,2621.4,1888.7,30448.0
2021-12-25,852.88,2703.34,1882.16,21215.0
2021-12-26,980.38,2659.27,1857.88,6112.0
2021-12-27,783.96,2675.6,1938.56,44025.0
2021-12-28,760.96,2606.68,1845.32,32960.0
2021-12-29,811.04,2647.18,1868.47,34008.0
2021-12-30,824.06,2531.16,1839.41,41799.0
2021-12-31,727.21,2524.75,1802.33,27494.0
2022-01-01,739.88,2424.02,1753.33,24837.0
2022-01-02,972.14,2207.14,1692.81,2534.0
2022-01-03,753.09,2504.65,1847.28,40181.0
2022-01-04,762.52,2551.58,1870.9,25209.0
2022-01-05,782.08,3075.44,1930.9,24601.0
2022-01-06,820.83,2528.42,1989.04,19281.0
2022-01-07,798.17,2488.67,1844.26,30307.0
2022-01-08,853.11,2607.65,1896.05,30949.0
2022-01-09,882.61,2710.26,1931.3,6139.0
2022-01-10,775.82,2516.55,1918.27,38119.0
2022-01-11,834.19,2452.94,1802.17,28269.0
2022-01-12,793.75,2341.75,1793.61,24279.0
2022-01-13,667.86,2316.43,1767.14,10238.0
2022-01-14,812.16,2353.53,1714.19,13261.0
2022-01-15,994.0,2403.05,1775.25,6914.0
2022-01-16,776.25,2465.0,1779.5,5835.0
2022-01-17,755.63,2446.0,1833.59,38923.0
2022-01-18,776.6,2527.77,1817.6,26303.0
2022-01-19,830.62,2461.85,1852.44,37811.0
2022-01-20,783.33,2574.63,1911.61,31978.0
2022-01-21,739.69,2486.76,1830.92,34337.0
2022-01-22,811.11,2524.53,1857.56,34109.0
2022-01-23,837.27,2452.27,1732.77,5427.0
2022-01-24,748.84,2516.28,1917.51,41281.0
2022-01-25,793.66,2548.7,1888.85,27395.0
2022-01-26,883.33,2366.67,1656.0,252.0
2022-01-27,720.93,2469.0,1823.05,31361.0
2022-01-28,755.7,2395.7,1801.36,26656.0
2022-01-29,860.6,2307.97,1750.14,19235.0
2022-01-30,1014.09,2343.64,1783.41,4150.0
2022-01-31,620.62,2371.56,1719.68,30937.0
2022-02-01,651.51,2345.0,1708.14,18695.0
2022-02-02,758.11,2352.07,1794.27,34791.0
2022-02-03,789.8,2308.83,1758.0,32052.0
2022-02-04,659.62,2346.48,1746.46,30332.0
2022-02-05,808.16,2358.68,1812.35,25113.0
2022-02-06,1038.0,2392.0,1820.28,5660.0
2022-02-07,815.02,2517.77,1965.89,25436.0
2022-02-08,758.27,2596.45,1948.37,23220.0
2022-02-09,867.36,2654.44,2082.98,26178.0
2022-02-10,991.04,2813.72,2165.13,27962.0
2022-02-11,905.44,2809.29,2145.69,23622.0
2022-02-12,917.73,2730.38,2084.49,24296.0
2022-02-13,1160.7,2680.53,2038.43,5646.0
2022-02-14,850.11,2788.0,2091.77,36735.0
2022-02-15,934.12,2766.8,2069.26,23709.0
2022-02-16,922.57,2680.57,2033.1,25236.0
2022-02-17,1014.25,2796.65,2143.6,26909.0
2022-02-18,849.14,2721.75,2084.93,26333.0
2022-02-19,1219.05,2609.05,2087.5,11054.0
2022-02-20,1075.93,2827.44,2085.78,5711.0
2022-02-21,803.0,2750.85,2088.61,29350.0
2022-02-22,854.6,2696.1,2033.42,22687.0
2022-02-23,952.27,2691.31,2107.86,27767.0
2022-02-24,874.6,2604.4,2004.74,32695.0
2022-02-25,833.32,2548.98,1948.02,28607.0
2022-02-26,953.97,2464.92,1935.11,29995.0
2022-02-27,910.87,2269.57,1659.13,8230.0
2022-02-28,715.15,2217.74,1695.53,49006.0
2022-03-01,842.22,2185.47,1656.38,12138.0
2022-03-02,721.95,2045.14,1592.52,28202.0
2022-03-03,735.49,2022.92,1548.96,35086.0
2022-03-04,670.7,1925.06,1452.04,34785.0
2022-03-05,807.98,1861.23,1465.36,31454.0
2022-03-06,910.34,1950.38,1502.31,6902.0
2022-03-07,589.62,1698.74,1284.51,45487.0
2022-03-08,643.2,1720.2,1299.13,41213.0
2022-03-09,673.94,1668.88,1306.59,31205.0
2022-03-10,664.6,1677.4,1309.16,39331.0
2022-03-11,601.45,1643.76,1253.47,34558.0
2022-03-12,650.61,1586.32,1229.5,33286.0
2022-03-13,707.5,1598.08,1209.58,6932.0
2022-03-14,545.73,1435.98,1088.73,51497.0
2022-03-15,574.68,1474.95,1113.81,40039.0
2022-03-16,594.72,1384.61,1082.89,46123.0
2022-03-17,602.42,1357.22,1044.02,35393.0
2022-03-18,709.26,1503.26,1163.07,5233.0
2022-03-19,625.25,1366.3,1049.3,25988.0
2022-03-20,571.74,1343.48,1013.26,5506.0
2022-03-21,506.76,1250.51,942.42,61724.0
2022-03-22,487.94,1178.58,895.21,32449.0
2022-03-23,453.76,1182.19,901.89,55562.0
2022-03-24,515.11,1210.86,932.78,52049.0
2022-03-25,486.09,1265.74,936.0,39362.0
2022-03-26,537.86,1146.93,896.24,25230.0
2022-03-27,558.2,1221.0,935.64,3810.0
2022-03-28,521.9,1157.27,893.86,30484.0
2022-03-29,532.63,1189.93,932.61,21023.0
2022-03-30,539.52,1158.52,890.35,8593.0
2022-03-31,679.06,1328.45,1059.23,8136.0
2022-04-01,590.74,1301.52,985.37,7378.0
2022-04-02,479.64,1112.0,842.96,11553.0
2022-04-03,738.68,1357.95,1105.45,2513.0
2022-04-04,430.78,1112.94,827.22,36461.0
2022-04-05,442.45,1144.0,861.51,29958.0
2022-04-06,514.85,1172.5,924.88,38298.0
2022-04-07,494.51,1096.97,869.6,42134.0
2022-04-08,443.96,1106.56,842.08,30858.0
2022-04-09,426.89,1059.66,809.08,20602.0
2022-04-10,527.43,1182.14,903.57,4265.0
2022-04-11,387.91,1022.98,771.11,32678.0
2022-04-12,395.67,1051.82,791.43,28617.0
2022-04-13,428.65,1061.95,810.02,27903.0
2022-04-14,463.89,1061.72,795.83,3753.0
2022-04-15,385.07,1078.17,779.03,14565.0
2022-04-16,467.06,1077.55,828.67,9915.0
2022-04-17,470.24,1100.95,834.52,1751.0
2022-04-18,421.49,1148.82,871.79,29841.0
2022-04-19,404.26,1137.44,846.46,27644.0
2022-04-20,397.31,1125.58,841.47,34949.0
2022-04-21,406.33,1106.52,826.94,34199.0
2022-04-22,394.75,1111.41,809.11,27616.0
2022-04-23,411.7,1083.92,807.02,23082.0
2022-04-24,538.64,1158.0,893.77,4504.0
2022-04-25,411.17,1149.55,850.17,29321.0
2022-04-26,412.88,1100.1,804.51,29283.0
2022-04-27,407.16,1327.52,824.93,27556.0
2022-04-28,411.56,1115.06,821.0,24472.0
2022-04-29,408.82,1173.58,837.15,22392.0
2022-04-30,472.26,1155.41,843.0,11425.0
2022-05-01,417.31,1164.62,834.46,2845.0
2022-05-02,411.7,1106.07,818.58,25014.0
2022-05-03,414.77,1152.18,799.68,8610.0
2022-05-04,467.42,1134.5,840.5,18922.0
2022-05-05,469.54,1141.42,853.21,24297.0
2022-05-06,431.97,1200.72,859.14,19746.0
2022-05-07,473.81,1087.33,803.43,10838.0
2022-05-08,433.1,1099.29,805.86,4229.0
2022-05-09,388.88,1131.86,811.86,35632.0
2022-05-10,429.24,1123.37,819.54,29020.0
2022-05-11,414.02,1152.61,832.27,30782.0
2022-05-12,572.73,1099.73,850.0,3516.0
2022-05-13,230.0,1085.64,759.55,8956.0
2022-05-14,420.08,1081.04,778.04,12338.0
2022-05-15,469.76,1102.43,815.05,6447.0
2022-05-16,413.19,1053.72,762.75,17440.0
2022-05-17,396.38,1077.65,772.37,27349.0
2022-05-18,409.19,1101.1,795.46,25010.0
2022-05-19,410.22,1113.2,800.47,22934.0
2022-05-20,346.25,1113.28,773.72,19724.0
2022-05-21,399.65,1071.24,763.0,15409.0
2022-05-22,544.26,1098.93,857.07,5058.0
2022-05-23,386.35,1090.17,770.59,26500.0
2022-05-24,400.02,1135.84,807.59,25109.0
2022-05-25,405.95,1176.47,845.44,22863.0
2022-05-26,457.22,1179.69,864.16,22343.0
2022-05-27,415.9,1199.02,852.63,18360.0
2022-05-28,434.42,1192.97,844.25,15123.0
2022-05-29,523.0,1181.24,884.2,5030.0
2022-05-30,468.43,1235.78,918.27,23666.0
2022-05-31,472.62,1230.69,902.92,27343.0
2022-06-01,538.15,1321.02,991.6,23823.0
2022-06-02,505.05,1333.58,986.95,11466.0
2022-06-03,380.89,1389.61,945.83,15102.0
2022-06-04,449.87,1304.61,907.32,18271.0
2022-06-05,475.0,1304.17,916.67,3909.0
2022-06-06,299.22,2233.44,912.83,13897.0
2022-06-07,447.16,1312.68,927.62,29017.0
2022-06-08,457.43,1328.1,940.0,21131.0
2022-06-09,537.96,1479.34,995.08,25721.0
2022-06-10,500.51,1449.21,1053.05,23891.0
2022-06-11,469.46,1426.59,1009.92,18180.0
2022-06-12,651.04,1540.6,1190.72,7997.0
2022-06-13,552.62,1564.06,1140.0,33368.0
2022-06-14,538.52,1487.96,1117.83,25359.0
2022-06-15,445.28,1494.58,1090.2,21024.0
2022-06-16,549.22,1516.16,1125.47,17111.0
2022-06-17,502.12,1498.77,1095.37,27112.0
2022-06-18,542.24,1495.87,1071.61,22188.0
2022-06-19,578.85,1441.73,1094.73,5315.0
2022-06-20,518.34,1454.98,1068.84,32192.0
2022-06-21,488.94,1461.81,1105.88,20178.0
2022-06-22,532.92,1473.2,1110.38,23742.0
2022-06-23,573.53,1516.16,1151.28,22401.0
2022-06-24,483.79,1574.12,1155.35,21480.0
2022-06-25,581.76,1556.19,1168.54,18741.0
2022-06-26,656.67,1564.81,1198.33,7344.0
2022-06-27,525.1,1525.42,1133.69,38534.0
2022-06-28,498.77,1504.75,1157.73,29282.0
2022-06-29,507.62,1487.85,1124.62,32702.0
2022-06-30,583.23,1468.91,1145.02,32839.0
2022-07-01,576.11,1486.39,1120.44,6868.0
2022-07-02,473.08,1477.69,1098.92,9676.0
2022-07-03,622.92,1469.58,1125.0,5621.0
2022-07-04,510.46,1439.85,1081.06,29523.0
2022-07-05,525.78,1449.45,1116.52,28559.0
2022-07-06,567.98,1499.94,1176.65,25477.0
2022-07-07,551.84,1486.4,1152.55,28273.0
2022-07-08,545.96,1497.42,1142.96,27298.0
2022-07-09,602.66,1498.84,1106.13,21683.0
2022-07-10,618.23,1488.41,1144.77,6099.0
2022-07-11,587.64,1501.64,1167.09,27009.0
2022-07-12,496.38,1447.17,1113.52,22013.0
2022-07-13,599.94,1492.47,1184.7,28490.0
2022-07-14,591.49,1478.73,1135.64,30862.0
2022-07-15,525.64,1480.68,1155.7,30810.0
2022-07-16,604.08,1453.69,1137.44,29359.0
2022-07-17,580.26,1493.37,1150.0,6449.0
2022-07-18,544.89,1439.96,1100.45,47993.0
2022-07-19,529.94,1404.17,1082.26,32297.0
2022-07-20,514.74,1408.24,1088.18,33423.0
2022-07-21,554.4,1704.39,1082.26,28178.0
2022-07-22,572.13,1472.18,1114.0,22563.0
2022-07-23,533.5,1338.05,1014.95,14008.0
2022-07-24,677.73,1408.45,1094.55,5772.0
2022-07-25,476.15,1335.26,1010.21,25669.0
2022-07-26,493.85,1337.31,1023.25,21966.0
2022-07-27,594.94,1425.36,1120.55,24295.0
2022-07-28,592.09,1374.21,1077.71,16997.0
2022-07-29,440.66,1369.48,1024.16,23350.0
2022-07-30,485.71,1401.93,1045.61,16334.0
2022-07-31,543.33,1522.07,1146.67,4676.0
2022-08-01,545.34,1389.48,1076.0,23222.0
2022-08-02,532.52,1381.88,1058.66,29442.0
2022-08-03,533.06,1378.19,1084.52,31451.0
2022-08-04,557.9,1406.32,1087.81,35266.0
2022-08-05,520.33,1382.88,1055.9,33474.0
2022-08-06,536.02,1400.71,1043.56,26521.0
2022-08-07,617.39,1465.22,1133.0,7360.0
2022-08-08,463.75,1358.35,1009.78,41093.0
2022-08-09,469.51,1360.68,1028.44,18876.0
2022-08-10,527.2,1410.02,1091.3,36094.0
2022-08-11,655.0,1736.51,1249.86,17845.0
2022-08-12,524.65,1380.08,1061.27,32268.0
2022-08-13,551.28,1399.86,1063.28,20172.0
2022-08-14,750.0,1509.24,1204.47,7071.0
2022-08-15,646.0,1521.93,1153.67,7079.0
2022-08-16,562.86,1450.68,1095.38,7623.0
2022-08-17,589.06,1458.52,1140.11,23991.0
2022-08-18,597.37,1517.09,1171.14,33238.0
2022-08-19,479.68,1492.02,1120.68,33641.0
2022-08-20,570.54,1477.03,1090.59,27959.0
2022-08-21,765.38,2378.88,1248.08,10167.0
2022-08-22,501.64,1451.36,1084.46,47416.0
2022-08-23,528.89,1415.31,1076.62,36113.0
2022-08-24,598.62,1424.8,1135.11,32431.0
2022-08-25,572.67,1433.67,1096.47,39557.0
2022-08-26,592.59,1956.67,1045.19,13123.0
2022-08-27,552.36,1432.12,1030.7,15704.0
2022-08-28,682.16,1458.47,1184.26,8797.0
2022-08-29,469.52,1435.19,1083.33,28495.0
2022-08-30,522.08,1392.44,1047.85,27549.0
2022-08-31,692.86,1365.29,1092.86,2812.0
2022-09-01,348.53,1378.76,1022.94,14532.0
2022-09-02,551.32,1396.42,1071.03,24053.0
2022-09-03,557.14,1387.86,1055.26,25397.0
2022-09-04,676.47,1391.76,1067.94,6336.0
2022-09-05,472.12,1362.0,1021.15,14036.0
2022-09-06,451.48,1396.34,1003.79,20522.0
2022-09-07,480.02,1384.18,1018.6,33376.0
2022-09-08,478.96,1382.43,1033.63,30645.0
2022-09-09,592.5,1477.25,1102.75,5604.0
2022-09-10,558.04,1431.93,1069.93,14903.0
2022-09-11,888.89,1550.0,1238.89,3538.0
2022-09-12,355.1,1352.0,1037.5,7556.0
2022-09-13,558.0,1475.9,1093.0,9438.0
2022-09-14,477.0,1382.83,1066.67,17515.0
2022-09-15,504.48,1391.41,1043.41,35608.0
2022-09-16,497.27,1405.23,1040.0,13272.0
2022-09-17,478.26,1377.59,994.41,23848.0
2022-09-18,757.89,1521.05,1192.11,6117.0
2022-09-19,491.88,1468.82,1028.53,10276.0
2022-09-20,472.06,1404.41,996.0,14561.0
2022-09-21,595.95,1398.36,1064.55,9277.0
2022-09-22,528.05,1382.85,1029.5,16961.0
2022-09-23,534.21,1419.26,1049.05,19291.0
2022-09-24,428.57,1697.82,956.32,11276.0
2022-09-25,716.67,1508.89,1175.0,5169.0
2022-09-26,597.08,1457.88,1124.29,7012.0
2022-09-27,519.48,1539.32,1168.52,9904.0
2022-09-28,616.8,1652.61,1235.14,20295.0
2022-09-29,639.43,1732.14,1270.04,24706.0
2022-09-30,588.49,1797.33,1325.91,19717.0
2022-10-01,609.0,1652.52,1246.04,13175.0
2022-10-02,809.52,1772.38,1404.76,8185.0
2022-10-03,546.89,1638.89,1231.33,16851.0
2022-10-04,634.44,1783.21,1315.44,25166.0
2022-10-05,664.53,1723.3,1320.2,12521.0
2022-10-06,717.35,1838.58,1398.4,19356.0
2022-10-07,631.73,1986.93,1448.85,19807.0
2022-10-08,650.1,2058.59,1471.62,20517.0
2022-10-09,743.75,2078.75,1603.12,8403.0
2022-10-10,644.19,2152.64,1625.58,38839.0
2022-10-11,647.14,2196.86,1703.05,12649.0
2022-10-12,701.67,2205.79,1656.98,30106.0
2022-10-13,791.93,2215.78,1670.08,39575.0
2022-10-14,701.0,2268.18,1655.62,34536.0
2022-10-15,745.95,2257.11,1643.41,23513.0
2022-10-16,927.5,2200.05,1671.25,9777.0
2022-10-17,687.79,2244.98,1673.71,37370.0
2022-10-18,735.04,2256.84,1694.22,26031.0
2022-10-19,733.77,2245.25,1701.65,30547.0
2022-10-20,736.62,2160.42,1618.62,26937.0
2022-10-21,760.81,2233.51,1694.78,19655.0
2022-10-22,753.12,2197.19,1590.62,4886.0
2022-10-23,1135.71,2014.29,1675.0,4182.0
2022-10-24,916.67,1943.33,1542.5,1828.0
2022-10-25,813.33,2206.67,1606.67,1313.0
2022-10-26,835.0,2304.22,1696.39,4083.0
2022-10-27,831.55,2449.52,1707.45,7172.0
2022-10-28,943.1,2627.28,1878.28,8265.0
2022-10-29,951.93,2760.3,1952.04,10793.0
2022-10-30,1142.4,3057.24,2193.4,7929.0
2022-10-31,1024.0,2944.82,2202.71,24970.0
2022-11-01,957.59,3051.2,2230.3,21201.0
2022-11-02,981.96,3014.08,2290.79,27006.0
2022-11-03,1025.46,2957.39,2225.3,32292.0
2022-11-04,922.67,3009.48,2188.55,26061.0
2022-11-05,940.03,2883.08,2071.0,19226.0
2022-11-06,1111.36,2961.64,2112.73,10372.0
2022-11-07,947.89,2698.57,1971.11,29449.0
2022-11-08,824.03,2648.15,1869.95,17652.0
2022-11-09,802.16,2592.6,1815.2,25839.0
2022-11-10,873.47,2533.7,1842.58,26013.0
2022-11-11,667.82,2573.36,1769.89,23001.0
2022-11-12,814.9,2548.17,1828.66,15617.0
2022-11-13,950.0,2475.92,1933.33,3467.0
2022-11-14,678.95,2542.58,1802.68,12480.0
2022-11-15,687.5,2293.85,1652.3,17095.0
2022-11-16,706.41,2252.48,1646.22,26618.0
2022-11-17,753.7,2112.63,1549.65,23618.0
2022-11-18,551.14,1924.2,1322.84,21458.0
2022-11-19,651.67,1989.03,1443.39,18070.0
2022-11-20,802.27,2071.36,1546.59,7639.0
2022-11-21,650.84,1890.81,1355.5,10505.0
2022-11-22,660.49,1911.44,1355.41,16377.0
2022-11-23,670.64,1921.54,1402.84,20513.0
2022-11-24,662.9,1977.1,1408.04,24113.0
2022-11-25,465.56,2024.56,1395.28,8538.0
2022-11-26,726.51,2067.56,1484.26,14462.0
2022-11-27,838.46,1970.0,1423.08,5505.0
2022-11-28,618.06,1753.22,1272.22,5159.0
2022-11-29,555.95,1778.38,1280.05,10001.0
2022-11-30,636.95,1787.54,1306.56,16564.0
2022-12-01,647.97,1668.74,1276.06,20107.0
2022-12-02,566.67,1717.37,1228.23,27653.0
2022-12-03,588.56,1745.76,1281.02,22459.0
2022-12-04,595.0,1686.67,1236.67,5455.0
2022-12-05,425.0,1541.85,1090.6,10376.0
2022-12-06,537.58,1567.79,1165.08,11001.0
2022-12-07,510.64,1616.12,1187.48,15731.0
2022-12-08,577.2,1626.72,1186.18,28824.0
2022-12-09,514.98,1637.68,1184.7,28286.0
2022-12-10,565.42,1680.93,1256.12,22041.0
2022-12-11,621.74,1689.13,1260.39,8443.0
2022-12-12,537.58,1628.0,1175.38,35277.0
2022-12-13,563.85,1622.81,1198.84,27860.0
2022-12-14,480.49,1550.04,1154.47,22469.0
2022-12-15,515.45,1587.14,1183.22,32290.0
2022-12-16,573.89,1614.8,1183.18,25180.0
2022-12-17,562.78,1685.43,1238.22,23756.0
2022-12-18,598.62,1578.71,1148.43,5002.0
2022-12-19,604.78,1877.22,1301.32,36641.0
2022-12-20,630.97,1822.06,1347.8,27632.0
2022-12-21,618.43,1864.29,1410.2,27764.0
2022-12-22,675.0,1873.88,1475.19,19082.0
2022-12-23,698.6,1958.02,1510.79,33084.0
2022-12-24,657.51,1953.69,1493.96,21940.0
2022-12-25,872.22,2033.89,1491.67,6740.0
2022-12-26,688.55,1868.42,1467.55,16203.0
2022-12-27,647.91,1860.19,1458.66,17841.0
2022-12-28,654.8,1823.52,1412.33,51262.0
2022-12-29,661.73,1745.82,1364.14,59382.0
2022-12-30,606.84,1698.49,1287.62,45098.0
2022-12-31,618.05,1688.34,1308.32,27275.0
2023-01-01,755.26,1822.68,1374.74,4846.0
2023-01-02,721.15,1716.42,1361.52,21511.0
2023-01-03,681.78,1713.25,1339.28,28048.0
2023-01-04,735.83,1745.53,1404.0,33233.0
2023-01-05,473.33,1669.13,1369.0,9719.0
2023-01-06,592.59,1672.56,1266.59,19828.0
2023-01-07,630.25,1693.4,1311.65,37977.0
2023-01-08,683.33,1773.75,1279.17,6726.0
2023-01-09,200.0,1800.0,1200.0,23.0
2023-01-10,555.75,1571.07,1237.0,16294.0
2023-01-11,640.75,1653.14,1302.45,50077.0
2023-01-12,634.78,1642.72,1277.02,40112.0
2023-01-13,492.5,1555.86,1215.0,14204.0
2023-01-14,754.15,1653.36,1317.36,17211.0
2023-01-15,776.92,1726.92,1319.23,5819.0
2023-01-16,445.83,1607.83,1204.17,484.0
2023-01-17,624.45,1619.3,1242.06,24347.0
2023-01-18,593.75,1530.62,1275.62,6766.0
2023-01-19,697.16,1637.47,1324.26,16452.0
2023-01-20,697.83,1638.83,1310.78,16823.0
2023-01-21,669.94,1663.97,1311.55,23998.0
2023-01-22,779.63,1749.44,1331.3,12584.0
2023-01-23,576.8,1604.67,1270.22,53615.0
2023-01-24,668.37,1612.09,1259.69,37598.0
2023-01-25,663.4,1584.69,1260.67,37927.0
2023-01-26,741.0,1698.6,1303.2,9392.0
2023-01-27,621.64,1553.74,1190.49,37692.0
2023-01-28,603.5,1441.75,1139.82,20043.0
2023-01-29,758.85,1524.62,1207.92,6013.0
2023-01-30,543.96,1419.25,1102.9,51619.0
2023-01-31,592.51,1403.0,1090.87,31839.0
2023-02-01,708.97,1467.72,1185.07,14564.0
2023-02-02,559.4,1381.46,1077.54,43763.0
2023-02-03,594.86,1410.28,1093.52,37617.0
2023-02-04,638.31,1354.48,1075.57,30714.0
2023-02-05,774.81,1462.78,1173.89,7582.0
2023-02-06,520.0,1386.07,1056.72,37683.0
2023-02-07,518.77,1361.54,1043.06,32346.0
2023-02-08,551.57,1394.33,1066.35,35823.0
2023-02-09,559.88,1358.0,1035.25,35003.0
2023-02-10,459.79,1249.09,927.56,32602.0
2023-02-11,448.87,1218.68,897.77,20868.0
2023-02-12,734.64,1350.0,1093.21,8313.0
2023-02-13,450.24,1198.75,894.25,40041.0
2023-02-14,479.19,1199.78,890.57,46260.0
2023-02-15,504.43,1189.23,896.17,39899.0
2023-02-16,489.44,1133.23,854.19,33238.0
2023-02-17,387.5,1085.29,767.76,34108.0
2023-02-18,531.46,1161.71,887.33,6008.0
2023-02-19,610.87,1223.48,967.39,10278.0
2023-02-20,465.88,1278.69,839.52,31015.0
2023-02-21,435.33,1053.85,779.7,34311.0
2023-02-22,435.17,1289.3,761.4,35443.0
2023-02-23,900.78,3048.43,2193.51,32156.0
2023-02-24,381.67,1023.13,711.96,33084.0
2023-02-25,456.73,1061.15,769.78,25331.0
2023-02-26,516.67,1091.5,851.88,7855.0
2023-02-27,385.39,1014.41,742.2,37026.0
2023-02-28,377.24,1012.86,728.0,28299.0
2023-03-01,404.78,1029.82,755.8,38675.0
2023-03-02,397.25,1022.49,754.0,37168.0
2023-03-03,417.42,1082.26,786.86,33691.0
2023-03-04,435.98,1076.95,797.6,30122.0
2023-03-05,488.8,1183.55,885.05,4824.0
2023-03-06,433.77,1120.0,812.21,27712.0
2023-03-07,478.79,1240.29,900.04,11826.0
2023-03-08,421.76,1112.37,837.39,34508.0
2023-03-09,493.2,1187.53,881.02,41510.0
2023-03-10,449.35,1155.35,841.98,41054.0
2023-03-11,462.07,1128.9,829.32,39400.0
2023-03-12,577.88,1188.31,926.46,9409.0
2023-03-13,383.45,1062.72,803.79,50748.0
2023-03-14,446.02,1107.53,824.21,52207.0
2023-03-15,411.09,1097.41,819.52,59885.0
2023-03-16,461.37,1094.94,828.84,56889.0
2023-03-17,418.26,1105.23,827.83,32850.0
2023-03-18,463.19,1089.25,817.88,32402.0
2023-03-19,577.0,1175.45,918.52,10571.0
2023-03-20,380.31,1082.37,807.7,75425.0
2023-03-21,392.92,1087.46,815.75,53953.0
2023-03-22,488.38,1134.98,860.14,31339.0
2023-03-23,450.48,1108.89,852.37,75060.0
2023-03-24,370.53,1048.84,785.36,79928.0
2023-03-25,397.72,1053.22,770.13,54493.0
2023-03-26,568.56,1160.56,902.81,15159.0
2023-03-27,384.48,1031.17,773.15,108766.0
2023-03-28,365.79,1004.91,743.68,105199.0
2023-03-29,306.69,905.8,688.91,94062.0
2023-03-30,421.96,959.31,720.02,65358.0
2023-03-31,314.33,906.09,661.39,113965.0
2023-04-01,435.56,957.07,708.37,4765.0
2023-04-02,509.55,1029.59,818.18,2658.0
2023-04-03,427.33,1017.55,762.91,11181.0
2023-04-04,486.48,1021.32,789.87,5810.0
2023-04-05,426.93,984.47,744.02,22075.0
2023-04-06,419.88,967.22,731.94,22793.0
2023-04-07,368.28,959.8,702.52,19895.0
2023-04-08,363.52,920.57,686.8,24937.0
2023-04-09,486.7,1023.37,801.0,6082.0
2023-04-10,334.09,908.39,661.22,52995.0
2023-04-11,344.72,918.91,685.78,41353.0
2023-04-12,312.2,895.88,669.55,48479.0
2023-04-13,345.03,901.25,678.83,44142.0
2023-04-14,415.91,960.47,717.62,19289.0
2023-04-15,420.73,948.86,712.98,34122.0
2023-04-16,472.81,1005.41,785.96,8003.0
2023-04-17,391.48,1066.42,726.03,44445.0
2023-04-18,328.47,904.74,673.29,36352.0
2023-04-19,347.52,909.28,668.7,32693.0
2023-04-20,338.25,893.42,655.91,28930.0
2023-04-21,355.8,930.1,680.55,22249.0
2023-04-22,379.17,925.61,656.17,7703.0
2023-04-23,391.11,926.29,689.04,5908.0
2023-04-24,319.0,928.33,652.55,35743.0
2023-04-25,309.41,890.37,636.02,30462.0
2023-04-26,302.2,895.67,637.96,35016.0
2023-04-27,361.72,906.82,671.64,29612.0
2023-04-28,346.14,892.73,651.36,11769.0
2023-04-29,322.93,902.04,625.82,15024.0
2023-04-30,439.29,921.0,711.57,4595.0
2023-05-01,429.47,855.29,687.65,3656.0
2023-05-02,309.9,923.04,645.06,31984.53
2023-05-03,355.25,996.95,702.5,28658.59
2023-05-04,397.74,1008.87,729.32,32602.96
2023-05-05,338.12,1028.88,722.9,18873.94
2023-05-06,347.5,988.65,676.45,30932.0
2023-05-07,473.91,986.09,768.56,11829.0
2023-05-08,294.1,1004.04,673.41,48363.7
2023-05-09,339.0,975.73,685.22,37261.53
2023-05-10,343.56,988.23,697.33,35347.52
2023-05-11,359.4,959.13,679.76,31344.15
2023-05-12,361.07,984.93,693.84,28141.64
2023-05-13,335.6,939.46,649.03,18754.0
2023-05-14,474.11,972.32,750.11,9638.0
2023-05-15,312.39,937.77,630.98,35741.4
2023-05-16,296.66,961.25,650.62,32283.15
2023-05-17,317.17,985.06,664.16,31308.74
2023-05-18,339.79,981.04,668.43,34425.0
2023-05-19,336.55,964.45,652.98,23374.92
2023-05-20,392.86,988.46,676.79,12311.0
2023-05-21,371.11,964.0,711.84,5226.0
2023-05-22,323.14,1162.81,676.44,21032.0
2023-05-23,308.9,991.22,656.63,23879.02
2023-05-24,312.92,1042.96,688.99,29566.54
2023-05-25,321.69,1026.54,673.83,28858.64
2023-05-26,270.71,1010.07,653.12,25284.0
2023-05-27,299.68,1070.35,694.32,18882.0
2023-05-28,453.45,1059.83,797.41,9240.0
2023-05-29,312.44,1098.82,695.5,30390.1
2023-05-30,300.06,1063.94,691.44,27632.96
2023-05-31,307.43,1076.24,703.51,29979.63
2023-06-01,374.66,1100.21,746.67,28512.48
2023-06-02,296.78,1109.28,714.48,27736.76
2023-06-03,360.33,1148.52,771.21,19423.0
2023-06-04,450.03,1101.76,799.17,8154.0
2023-06-05,367.19,1187.45,804.13,34067.36
2023-06-06,390.02,1208.84,817.24,31242.56
2023-06-07,332.04,1180.98,791.81,33415.31
2023-06-08,400.51,1202.86,810.45,30108.77
2023-06-09,389.0,1258.17,840.78,28310.92
2023-06-10,428.4,1235.46,869.68,25667.96
2023-06-11,499.46,1244.85,925.54,7455.0
2023-06-12,347.02,1264.75,834.69,47054.67
2023-06-13,422.76,1307.44,874.56,35604.5
2023-06-14,407.41,1312.44,887.78,33118.37
2023-06-15,422.77,1305.96,868.83,37807.34
2023-06-16,428.57,1325.9,888.77,30476.49
2023-06-17,400.27,1272.09,856.61,23304.67
2023-06-18,543.24,1399.36,1012.92,8571.0
2023-06-19,399.28,1305.93,867.37,45086.53
2023-06-20,430.4,1365.05,919.55,38807.91
2023-06-21,412.96,1334.7,897.7,33745.85
2023-06-22,436.02,1358.86,928.18,32466.55
2023-06-23,428.9,1349.96,928.59,28592.3
2023-06-24,402.37,1335.54,902.34,22136.25
2023-06-25,564.04,1369.04,1001.44,7143.0
2023-06-26,403.5,1424.89,974.02,36601.7
2023-06-27,509.57,1515.15,1062.46,29144.41
2023-06-28,571.22,1717.1,1243.21,27240.08
2023-06-29,566.7,1554.59,1136.27,8288.67
2023-06-30,560.62,1665.29,1210.06,30646.06
2023-07-01,580.11,1669.65,1192.29,31158.49
2023-07-02,634.65,1668.12,1226.38,12441.0
2023-07-03,443.36,1675.6,1150.07,56470.63
2023-07-04,530.12,1727.4,1231.54,47696.91
2023-07-05,563.7,1694.58,1245.83,50219.07
2023-07-06,636.68,1767.7,1291.2,47182.57
2023-07-07,500.87,1728.15,1210.6,50875.05
2023-07-08,531.92,1704.46,1206.83,40234.56
2023-07-09,684.62,1727.69,1252.27,13295.25
2023-07-10,416.72,1632.35,1108.48,53456.98
2023-07-11,545.7,1637.1,1195.57,41037.31
2023-07-12,504.64,1646.97,1171.26,41560.29
2023-07-13,604.02,1955.36,1185.87,42551.29
2023-07-14,455.32,1665.91,1143.76,38844.47
2023-07-15,601.04,1652.46,1148.9,26776.49
2023-07-16,735.75,1686.43,1326.93,8823.92
2023-07-17,489.98,1658.0,1149.9,28243.81
2023-07-18,567.88,1704.57,1256.03,35847.25
2023-07-19,517.22,1676.49,1202.81,32763.71
2023-07-20,567.69,1667.77,1212.54,45114.77
2023-07-21,671.7,1900.72,1414.06,43713.18
2023-07-22,540.85,1599.96,1129.23,34642.46
2023-07-23,662.03,1671.0,1248.93,10840.11
2023-07-24,515.78,1637.15,1162.05,46498.84
2023-07-25,531.26,1618.41,1166.28,33714.07
2023-07-26,528.32,1627.82,1184.36,35750.44
2023-07-27,563.79,1645.67,1191.72,36596.04
2023-07-28,561.75,1659.51,1204.6,29606.4
2023-07-29,530.81,1683.23,1162.71,15013.47
2023-07-30,718.78,1725.81,1304.72,12092.75
2023-07-31,445.05,1901.57,1184.25,42770.14
2023-08-01,612.41,1696.54,1256.28,36840.23
2023-08-02,556.52,1692.28,1261.52,40774.05
2023-08-03,626.39,1738.08,1306.15,38520.81
2023-08-04,639.23,2076.79,1535.75,40741.77
2023-08-05,670.51,1840.9,1373.94,29488.65
2023-08-06,696.59,1868.69,1406.93,11403.51
2023-08-07,679.93,2030.49,1521.04,35604.14
2023-08-08,673.09,2028.64,1535.14,34753.75
2023-08-09,630.55,2013.11,1526.87,35932.46
2023-08-10,698.22,2181.89,1629.05,40300.32
2023-08-11,686.89,2367.85,1765.82,33098.5
2023-08-12,796.95,2426.64,1803.41,35091.77
2023-08-13,917.28,2617.62,1866.24,13601.65
2023-08-14,779.05,2580.24,1940.02,38703.58
2023-08-15,740.0,2300.5,1598.5,1254.0
2023-08-16,713.86,2602.91,1846.82,15094.0
2023-08-17,784.72,2535.65,1901.62,46606.91
2023-08-18,713.93,2454.35,1858.09,45217.39
2023-08-19,782.85,2423.42,1802.04,34633.58
2023-08-20,898.21,2357.68,1750.25,13187.0
2023-08-21,855.56,2451.1,1840.98,21514.0
2023-08-22,870.27,2443.22,1831.78,10806.19
2023-08-23,922.85,2586.79,1861.85,7746.0
2023-08-24,800.12,2359.09,1817.04,22420.35
2023-08-25,745.27,2428.76,1862.65,26156.64
2023-08-26,709.43,2443.84,1826.0,22462.09
2023-08-27,1002.08,2352.71,1788.54,10928.0
2023-08-28,729.58,2388.51,1810.16,32612.73
2023-08-29,969.32,2409.55,1906.7,22223.19
2023-08-30,787.5,2415.07,1725.0,14135.0
2023-08-31,741.34,2370.94,1837.94,28571.0
2023-09-01,739.02,2473.31,1828.39,24705.0
2023-09-02,1013.13,2494.04,1957.6,21325.0
2023-09-03,1000.0,2365.24,1820.24,8937.15
2023-09-04,827.95,2471.26,1889.37,29540.08
2023-09-05,856.42,2438.62,1898.0,29713.08
2023-09-06,894.69,2489.67,1926.74,20268.82
2023-09-07,747.95,2437.42,1929.74,10316.82
2023-09-08,746.79,2403.49,1819.7,21264.9
2023-09-09,807.98,2460.14,1851.77,16123.25
2023-09-10,939.81,2419.67,1762.44,10953.0
2023-09-11,738.38,2490.94,1850.85,30710.34
2023-09-12,822.35,2424.37,1820.98,21935.98
2023-09-13,801.23,2426.84,1843.26,21225.0
2023-09-14,857.41,2365.63,1738.89,10719.0
2023-09-15,652.3,2355.3,1765.26,16748.19
2023-09-16,796.2,2397.5,1811.44,20631.14
2023-09-17,792.59,2324.44,1678.89,11053.97
2023-09-18,787.67,2403.5,1819.26,31224.21
2023-09-19,884.78,2492.83,1818.48,8707.0
2023-09-20,882.14,2499.34,1821.37,12425.03
2023-09-21,820.35,2479.29,1801.32,15605.7
2023-09-22,767.88,2487.24,1785.52,12699.62
2023-09-23,820.31,3259.06,1840.66,12545.4
2023-09-24,1074.62,2573.85,1968.27,11229.14
2023-09-25,925.89,2607.57,1912.86,14723.0
2023-09-26,914.29,2547.88,1878.12,12537.0
2023-09-27,948.09,2731.45,1978.39,17023.0
2023-09-28,1317.65,2629.47,2104.41,10241.0
2023-09-29,878.93,2629.56,1874.3,10973.12
2023-09-30,1006.0,2626.2,1982.0,18822.0
2023-10-01,1030.56,2470.06,1840.33,10627.0
